HTS Number,Indent,Description,Unit of Quantity,General Rate of Duty,Special Rate of Duty,Column 2 Rate of Duty,Quota Quantity,Additional Duties
"0301","0","Live fish:","","","","","",""
"","1","Ornamental fish:","","","","","",""
"0301.11.00","2","Freshwater","","Free","","Free","",""
"0301.11.00.10","3","Koi (common) carp (Cyprinus carpio)","[""kg""]","","","","",""
"0301.11.00.20","3","Goldfish( Carassius auratus), Crucian carp (Carassius carassius)","[""kg""]","","","","",""
"0301.11.00.90","3","Other","[""kg""]","","","","",""
"0301.19.00.00","2","Other","[""kg""]","Free","","Free","",""
"","1","Other live fish:","","","","","",""
"0301.91.00.00","2","Trout (Salmo trutta, Oncorhynchus mykiss, Oncorhynchus clarki, Oncorhynchus aguabonita, Oncorhynchus gilae, Oncorhynchus apache and Oncorhynchus chrysogaster)","[""kg""]","Free","","Free","",""
"0301.92.00.00","2","Eels (Anguilla spp.)","[""kg""]","Free","","Free","",""
"0301.93.02","2","Carp (Cyprinus spp., Carassius spp., Ctenopharyngodon idellus, Hypophthalmichthys spp., Cirrhinus spp., Mylopharyngodon piceus, Catla catla, Labeo spp., Osteochilus hasselti, Leptobarbus hoeveni, Megalobrama spp.)","","Free","","Free","",""
"0301.93.02.10","3","Grass carp (Ctenopharyngodon idellus), silver carp (Hypophthalmichthys molitrix) and bighead carp (Aristichthys nobilis)","[""kg""]","","","","",""
"0301.93.02.90","3","Other","[""kg""]","","","","",""
"0301.94.01.00","2","Atlantic and Pacific bluefin tunas (Thunnus thynnus, Thunnus orientalis)","[""kg""]","Free","","Free","",""
"0301.95.00.00","2","Southern Bluefin tunas (Thunnus maccoyii)","[""kg""]","Free","","Free","",""
"0301.99.03","2","Other","","Free","","Free","",""
"0301.99.03.10","3","Tench (Tinca tinca), sheatfish (Silurus glanis)","[""kg""]","","","","",""
"0301.99.03.15","3","Bighead carp (Aristichthys nobilis)","[""kg""]","","","","",""
"0301.99.03.90","3","Other","[""kg""]","","","","",""
"0302","0","Fish, fresh or chilled, excluding fish fillets and other fish meat of heading 0304:","","","","","",""
"","1","Salmonidae, excluding edible fish offal of subheadings 0302.91 to 0302.99:","","","","","",""
"0302.11.00","2","Trout (Salmo trutta, Oncorhynchus mykiss, Oncorhynchus clarki, Oncorhynchus aguabonita, Oncorhynchus gilae, Oncorhynchus apache  and Oncorhynchus chrysogaster)","","Free","","2.2¢/kg","",""
"0302.11.00.10","3","Rainbow trout (Salmo gairdneri), farmed","[""kg""]","","","","",""
"0302.11.00.90","3","Other","[""kg""]","","","","",""
"0302.13.00","2","Pacific salmon (Oncorhynchus nerka, Oncorhynchus gorbuscha, Oncorhynchus keta, Oncorhynchus tschawytscha, Oncorhynchus kisutch, Oncorhynchus masou and Oncorhynchus rhodurus)","","Free","","4.4¢/kg","",""
"","3","Chinook (king):","","","","","",""
"0302.13.00.13","4","Farmed","[""kg""]","","","","",""
"0302.13.00.14","4","Not farmed","[""kg""]","","","","",""
"0302.13.00.22","3","Chum (dog)","[""kg""]","","","","",""
"0302.13.00.32","3","Pink (humpie)","[""kg""]","","","","",""
"0302.13.00.42","3","Sockeye (red)","[""kg""]","","","","",""
"","3","Coho (silver):","","","","","",""
"0302.13.00.53","4","Farmed","[""kg""]","","","","",""
"0302.13.00.54","4","Not farmed","[""kg""]","","","","",""
"0302.13.00.62","3","Other","[""kg""]","","","","",""
"0302.14.00","2","Atlantic salmon (Salmo salar) and Danube salmon (Hucho hucho)","","Free","","4.4¢/kg","",""
"","3","Atlantic:","","","","","",""
"0302.14.00.03","4","Farmed","[""kg""]","","","","",""
"0302.14.00.04","4","Not farmed","[""kg""]","","","","",""
"0302.14.00.62","3","Other","[""kg""]","","","","",""
"0302.19.00.00","2","Other","[""kg""]","Free","","2.2¢/kg","",""
"","1","Flat fish (Pleuronectidae, Bothidae, Cynoglossidae, Soleidae, Scophthalmidae and Citharidae), excluding edible fish offal of subheadings 0302.91 to 0302.99:","","","","","",""
"0302.21.00","2","Halibut and Greenland turbot (Reinhardtius hippoglossoides, Hippoglossus hippoglossus, Hippoglossus stenolepis)","","Free","","4.4¢/kg","",""
"0302.21.00.10","3","Atlantic","[""kg""]","","","","",""
"0302.21.00.20","3","Pacific","[""kg""]","","","","",""
"0302.21.00.90","3","Other (including Greenland)","[""kg""]","","","","",""
"0302.22.00.00","2","Plaice (Pleuronectes platessa)","[""kg""]","Free","","2.2¢/kg","",""
"0302.23.00.00","2","Sole (Solea spp.)","[""kg""]","1.1¢/kg","Free (A*,AU,BH,CL,CO,D,E,IL,JO,KR,MA,OM,P,PA,PE,S,SG)","2.2¢/kg","",""
"0302.24.00.00","2","Turbots (Psetta maxima)","[""kg""]","Free","","2.2¢/kg","",""
"0302.29.01","2","Other","","Free","","2.2¢/kg","",""
"0302.29.01.10","3","Flounder","[""kg""]","","","","",""
"0302.29.01.90","3","Other","[""kg""]","","","","",""
"","1","Tunas (of the genus Thunnus), skipjack tuna (stripe-bellied bonito)(Katsuwonus pelamis), excluding edible fish offal of subheadings 0302.91 to 0302.99:","","","","","",""
"0302.31.00.00","2","Albacore or longfinned tunas (Thunnus alalunga)","[""kg""]","Free","","Free","",""
"0302.32.00.00","2","Yellowfin tunas (Thunnus albacares)","[""kg""]","Free","","Free","",""
"0302.33.00.00","2","Skipjack tuna (stripe-bellied bonito) (Katsuwonus pelamis)","[""kg""]","Free","","Free","",""
"0302.34.00.00","2","Bigeye tunas (Thunnus obesus)","[""kg""]","Free","","Free","",""
"0302.35.01.00","2","Atlantic and Pacific bluefin tunas (Thunnus thynnus, Thunnus orientalis)","[""kg""]","Free","","Free","",""
"0302.36.00.00","2","Southern bluefin tunas (Thunnus maccoyii)","[""kg""]","Free","","Free","",""
"0302.39.02.00","2","Other","[""kg""]","Free","","Free","",""
"","1","Herrings (Clupea harengus, Clupea pallasii), anchovies (Engraulis spp.), sardines (Sardina pilchardus, Sardinops spp.), sardinella (Sardinella spp.), brisling or sprats (Sprattus sprattus), mackerel (Scomber scombrus, Scomber australasicus, Scomber japonicus), Indian mackerels (Rastrelliger spp.), seerfishes (Scomberomorus spp.), jack and horse mackerel (Trachurus spp.), jacks, crevalles (Caranx spp.), cobia (Rachycentron canadum), silver pomfrets (Pampus spp.), Pacific saury (Cololabis saira), scads (Decapterus spp.), capelin (Mallotus villosus), swordfish (Xiphias gladius), Kawakawa (Euthynnus affinis), bonitos (Sarda spp.), marlins, sailfishes, spearfish (Istiophoridae), excluding edible fish offal of subheadings 0302.91 to 0302.99:","","","","","",""
"0302.41.00.00","2","Herrings (Clupea harengus, Clupea pallasii)","[""kg""]","Free","","Free","",""
"0302.42.00.00","2","Anchovies (Engraulis spp.)","[""kg""]","Free","","Free","",""
"0302.43.00.00","2","Sardines (Sardina pilchardus, Sardinops spp.), sardinella (Sardinella spp.), brisling or sprats (Sprattus sprattus)","[""kg""]","Free","","2.2¢/kg","",""
"0302.44.00.00","2","Mackerel (Scomber scombrus, Scomber australasicus, Scomber japonicus)","[""kg""]","Free","","4.4¢/kg","",""
"0302.45","2","Jack and horse mackerel (Trachurus spp):","","","","","",""
"0302.45.11.00","3","Scaled (whether or not heads, viscera and/or fins have been removed, but not otherwise processed), in immediate containers weighing with their contents 6.8 kg or less","[""kg""]","3%","Free (A*,AU,BH,CL,CO,D,E,IL,JO,KR,MA,OM,P,PA,PE,S,SG)","25%","",""
"0302.45.50.00","3","Other","[""kg""]","Free","","2.2¢/kg","",""
"0302.46","2","Cobia (Rachycentron canadum) :","","","","","",""
"0302.46.11.00","3","Scaled (whether or not heads, viscera and/or fins have been removed, but not otherwise processed), in immediate containers weighing with their contents 6.8 kg or less","[""kg""]","3%","Free (A*,AU,BH,CL,CO,D,E,IL,JO,KR,MA,OM,P,PA,PE,S,SG)","25%","",""
"0302.46.50.00","3","Other","[""kg""]","Free","","2.2¢/kg","",""
"0302.47.00","2","Swordfish (Xiphias gladius)","","Free","","2.2¢/kg","",""
"0302.47.00.10","3","Steaks","[""kg""]","","","","",""
"0302.47.00.90","3","Other","[""kg""]","","","","",""
"0302.49.00.00","2","Other","[""kg""]","Free","","2.2¢/kg","",""
"","1","Fish of the families Bregmacerotidae, Euclichthyidae Gadidae, Macrouridae, Melanonidae, Merlucciidae, Moridae and Muraenolepididae, excluding edible fish offal of subheadings 0302.91 to 0302.99:","","","","","",""
"0302.51.00","2","Cod (Gadus morhua, Gadus ogac, Gadus macrocephalus)","","Free","","2.2¢/kg","",""
"0302.51.00.10","3","Atlantic","[""kg""]","","","","",""
"0302.51.00.90","3","Other","[""kg""]","","","","",""
"0302.52.00.00","2","Haddock (Melanogrammus aeglefinus)","[""kg""]","Free","","2.2¢/kg","",""
"0302.53.00.00","2","Coalfish (Pollachius virens)","[""kg""]","Free","","2.2¢/kg","",""
"0302.54","2","Hake (Merluccius spp., Urophycis spp.):","","","","","",""
"0302.54.11.00","3","Scaled (whether or not heads, viscera and/or fins have been removed, but not otherwise processed), in immediate containers weighing with their contents 6.8 kg or less","[""kg""]","3%","Free (A*,AU,BH,CL,CO,D,E,IL,JO,KR,MA,OM,P,PA,PE,S,SG)","25%","",""
"0302.54.50.00","3","Other","[""kg""]","Free","","2.2¢/kg","",""
"0302.55","2","Alaska pollock (Theragra chalcogramma):","","","","","",""
"0302.55.11.00","3","Scaled (whether or not heads, viscera and/or fins have been removed, but not otherwise processed), in immediate containers weighing with their contents 6.8 kg or less","[""kg""]","3%","Free (A*,AU,BH,CL,CO,D,E,IL,JO,KR,MA,OM,P,PA,PE,S,SG)","25%","",""
"0302.55.50.00","3","Other","[""kg""]","Free","","2.2¢/kg","",""
"0302.56","2","Blue whitings (Micromesistius poutassou, Micromesistius australis):","","","","","",""
"0302.56.11.00","3","Scaled (whether or not heads, viscera and/or fins have been removed, but not otherwise processed), in immediate containers weighing with their contents 6.8 kg or less","[""kg""]","3%","Free (A*,AU,BH,CL,CO,D,E,IL,JO,KR,MA,OM,P,PA,PE,S,SG)","25%","",""
"0302.56.50.00","3","Other","[""kg""]","Free","","2.2¢/kg","",""
"0302.59","2","Other:","","","","","",""
"0302.59.11.00","3","Scaled (whether or not heads, viscera and/or fins have been removed, but not otherwise processed), in immediate containers weighing with their contents 6.8 kg or less","[""kg""]","3%","Free (A*,AU,BH,CL,CO,D,E,IL,JO,KR,MA,OM,P,PA,PE,S,SG)","25%","",""
"0302.59.50","3","Other","","Free","","2.2¢/kg","",""
"0302.59.50.10","4","Pollock","[""kg""]","","","","",""
"0302.59.50.90","4","Other","[""kg""]","","","","",""
"","1","Tilapias (Oreochromis spp.), catfish (Pangasius spp., Silurus spp., Clarias spp., Ictalurus spp.), carp (Cyprinus spp., Carassius spp., Ctenopharyngodon idellus, Hypophthalmichthys spp., Cirrhinus spp., Mylopharyngodon piceus, Catla catla, Labeo spp., Osteochilus hasselti, Leptobarbus hoeveni, Megalobrama spp.), eels (Anguilla spp.), Nile perch (Lates niloticus) and snakeheads (Channa spp.), excluding edible fish offal of subheadings 0302.91 to 0302.99:","","","","","",""
"0302.71","2","Tilapias (Oreochromis spp.):","","","","","",""
"0302.71.11.00","3","Scaled (whether or not heads, viscera and/or fins have been removed, but not otherwise processed), in immediate containers weighing with their contents 6.8 kg or less","[""kg""]","3%","Free (A*,AU,BH,CL,CO,D,E,IL,JO,KR,MA,OM,P,PA,PE,S,SG)","25%","",""
"0302.71.50.00","3","Other","[""kg""]","Free","","2.2¢/kg","",""
"0302.72","2","Catfish (Pangasius spp., Silurus spp., Clarias spp., Ictalurus spp.):","","","","","",""
"0302.72.11.00","3","Scaled (whether or not heads, viscera and/or fins have been removed, but not otherwise processed), in immediate containers weighing with their contents 6.8 kg or less","[""kg""]","3%","Free (A*,AU,BH,CL,CO,D,E,IL,JO,KR,MA,OM,P,PA,PE,S,SG)","25%","",""
"0302.72.50","3","Other","","Free","","2.2¢/kg","",""
"0302.72.50.01","4","Ictalurus spp.","[""kg""]","","","","",""
"0302.72.50.04","4","Pangasius spp. including basa and tra","[""kg""]","","","","",""
"0302.72.50.34","4","Other","[""kg""]","","","","",""
"0302.73","2","Carp (Cyprinus spp., Carassius spp., Ctenopharyngodon idellus, Hypophthalmichthys spp., Cirrhinus spp., Mylopharyngodon piceus, Catla catla, Labeo spp., Osteochilus hasselti, Leptobarbus hoeveni, Megalobrama spp.):","","","","","",""
"0302.73.11.00","3","Scaled (whether or not heads, viscera and/or fins have been removed, but not otherwise processed), in immediate containers weighing with their contents 6.8 kg or less","[""kg""]","3%","Free (A*,AU,BH,CL,CO,D,E,IL,JO,KR,MA,OM,P,PA,PE,S,SG)","25%","",""
"0302.73.50.00","3","Other","[""kg""]","Free","","2.2¢/kg","",""
"0302.74.00.00","2","Eels (Anguilla spp.)","[""kg""]","Free","","2.2¢/kg","",""
"0302.79","2","Other:","","","","","",""
"0302.79.11.00","3","Scaled (whether or not heads, viscera and/or fins have been removed, but not otherwise processed), in immediate containers weighing with their contents 6.8 kg or less","[""kg""]","3%","Free (A*,AU,BH,CL,CO,D,E,IL,JO,KR,MA,OM,P,PA,PE,S,SG)","25%","",""
"0302.79.50","3","Other","","Free","","2.2¢/kg","",""
"0302.79.50.25","4","Nile perch","[""kg""]","","","","",""
"0302.79.50.76","4","Other","[""kg""]","","","","",""
"","1","Other fish, excluding edible fish offal of subheadings 0302.91 to 0302.99:","","","","","",""
"0302.81.00","2","Dogfish and other sharks","","Free","","2.2¢/kg","",""
"0302.81.00.11","3","Dogfish (Squalus spp.)","[""kg""]","","","","",""
"0302.81.00.91","3","Other","[""kg""]","","","","",""
"0302.82.00.00","2","Rays and skates (Rajidae)","[""kg""]","Free","","2.2¢/kg","",""
"0302.83.00.00","2","Toothfish (Dissostichus spp.)","[""kg""]","Free","","2.2¢/kg","",""
"0302.84","2","Seabass (Dicentrarchus spp.):","","","","","",""
"0302.84.11.00","3","Scaled (whether or not heads, viscera and/or fins have been removed, but not otherwise processed), in immediate containers weighing with their contents 6.8 kg or less","[""kg""]","3%","Free (A*,AU,BH,CL,CO,D,E,IL,JO,KR,MA,OM,P,PA,PE,S,SG)","25%","",""
"0302.84.50.00","3","Other","[""kg""]","Free","","2.2¢/kg","",""
"0302.85","2","Seabream (Sparidae):","","","","","",""
"0302.85.11.00","3","Scaled (whether or not heads, viscera and/or fins have been removed, but not otherwise processed), in immediate containers weighing with their contents 6.8 kg or less","[""kg""]","3%","Free (A*,AU,BH,CL,CO,D,E,IL,JO,KR,MA,OM,P,PA,PE,S,SG)","25%","",""
"0302.85.50.00","3","Other","[""kg""]","Free","","2.2¢/kg","",""
"0302.89","2","Other :","","","","","",""
"0302.89.11","3","Scaled (whether or not heads, viscera and/or fins have been processed), in immediate containers weighing with their contents 6.8 kg or less","","3%","Free (A*,AU,BH,CL,CO,D,E,IL,JO,KR,MA,OM,P,PA,PE,S,SG)","25%","",""
"0302.89.11.20","4","Sable fish (Anoplopoma fimbria)","[""kg""]","","","","",""
"0302.89.11.40","4","Other","[""kg""]","","","","",""
"0302.89.50","3","Other","","Free","","2.2¢/kg","",""
"","4","Fresh-water fish:","","","","","",""
"0302.89.50.07","5","Pike","[""kg""]","","","","",""
"0302.89.50.10","5","Pickerel","[""kg""]","","","","",""
"","5","Perch:","","","","","",""
"0302.89.50.13","6","Pike perch (including yellow pike)","[""kg""]","","","","",""
"0302.89.50.25","6","Other","[""kg""]","","","","",""
"0302.89.50.28","5","Bass","[""kg""]","","","","",""
"0302.89.50.31","5","Whitefish","[""kg""]","","","","",""
"0302.89.50.34","5","Other","[""kg""]","","","","",""
"0302.89.50.37","4","Smelts","[""kg""]","","","","",""
"0302.89.50.40","4","Cusk","[""kg""]","","","","",""
"0302.89.50.49","4","Shad and sturgeon","[""kg""]","","","","",""
"0302.89.50.52","4","Sable fish (Anoplopoma fimbria)","[""kg""]","","","","",""
"0302.89.50.55","4","Ocean perch","[""kg""]","","","","",""
"0302.89.50.58","4","Snapper (Lutjanidae)","[""kg""]","","","","",""
"0302.89.50.61","4","Grouper","[""kg""]","","","","",""
"0302.89.50.64","4","Lingcod (Ophiodon elongatus)","[""kg""]","","","","",""
"0302.89.50.67","4","Monkfish (Lophius spp.)","[""kg""]","","","","",""
"0302.89.50.70","4","Atka mackerel (Atkafish) (Pleurogrammus monopterygius)","[""kg""]","","","","",""
"0302.89.50.72","4","Dolphin fish (mahi mahi) (Coryphaena spp.)","[""kg""]","","","","",""
"0302.89.50.77","4","Other","[""kg""]","","","","",""
"","1","Livers, roes, milt, fish fins, heads, tails, maws and other edible fish offal:","","","","","",""
"0302.91","2","Livers, roes and milt:","","","","","",""
"0302.91.20.00","3","Sturgeon roe","[""kg""]","15%","Free (A*,AU,BH,CL,CO,D,E,IL,JO,KR,MA,OM,P,PA,PE,S,SG)","30%","",""
"0302.91.40","3","Other","","Free","","44¢/kg","",""
"0302.91.40.10","4","Mullet roe","[""kg""]","","","","",""
"0302.91.40.90","4","Other","[""kg""]","","","","",""
"0302.92.00.00","2","Shark fins","[""kg""]","Free","","2.2¢/kg","",""
"0302.99.00.00","2","Other","[""kg""]","Free","","44¢/kg","",""
"0303","0","Fish, frozen, excluding fish fillets and other fish meat of heading 0304:","","","","","",""
"","1","Salmonidae, excluding edible fish offal of subheadings 0303.91 to 0303.99:","","","","","",""
"0303.11.00.00","2","Sockeye salmon (red salmon) (Oncorhynchus nerka)","[""kg""]","Free","","4.4¢/kg","",""
"0303.12.00","2","Other Pacific salmon (Oncorhynchus gorbuscha, Oncorhynchus keta, Oncorhynchus tschawytscha, Oncorhynchus kisutch, Oncorhynchus masou and Oncorhynchus rhodurus)","","Free","","4.4¢/kg","",""
"0303.12.00.12","3","Chinook (king)","[""kg""]","","","","",""
"0303.12.00.22","3","Chum (dog)","[""kg""]","","","","",""
"0303.12.00.32","3","Pink (humpie)","[""kg""]","","","","",""
"0303.12.00.52","3","Coho (silver)","[""kg""]","","","","",""
"0303.12.00.62","3","Other","[""kg""]","","","","",""
"0303.13.00.00","2","Atlantic salmon (Salmo salar) and Danube salmon (Hucho hucho)","[""kg""]","Free","","4.4¢/kg","",""
"0303.14.00.00","2","Trout (Salmo trutta, Oncorhynchus mykiss, Oncorhynchus clarki, Oncorhynchus aguabonita, Oncorhynchus gilae, Oncorhynchus apache and Oncorhynchus chrysogaster)","[""kg""]","Free","","2.2¢/kg","",""
"0303.19.01.00","2","Other","[""kg""]","Free","","2.2¢/kg","",""
"","1","Tilapias(Oreochromis spp.), catfish (Pangasius spp., Silurus spp., Clarias spp.,Ictalurus spp.), carp (Cyprinus spp., Carassius spp., Ctenopharyngodonidellus, Hypophthalmichthys spp.,Cirrhinus spp., Mylopharyngodon piceus, Catlacatla, Labeo spp., Osteochilus hasselti, Leptobarbus hoeveni, Megalobrama spp.), eels (Anguilla spp.), Nile perch (Lates niloticus) and snakeheads (Channa spp.), excluding edible fishoffal of subheadings 0303.91 to 0303.99:","","","","","",""
"0303.23.00.00","2","Tilapias (Oreochromis spp.)","[""kg""]","Free","","2.2¢/kg","",""
"0303.24.00","2","Catfish (Pangasius spp., Silurus spp., Clarias spp., Ictalurus spp.)","","Free","","2.2¢/kg","",""
"0303.24.00.10","3","Ictalurus spp.","[""kg""]","","","","",""
"0303.24.00.20","3","Pangasius spp. including basa and tra","[""kg""]","","","","",""
"0303.24.00.50","3","Other","[""kg""]","","","","",""
"0303.25.01.00","2","Carp (Cyprinus spp., Carassius spp., Ctenopharyngodon idellus, Hypophthalmichthys spp., Cirrhinus spp., Mylopharyngodon piceus, Catla catla, Labeo spp., Osteochilus hasselti, Leptobarbus hoeveni, Megalobrama spp.)","[""kg""]","Free","","2.2¢/kg","",""
"0303.26.00.00","2","Eels (Anguilla spp.)","[""kg""]","Free","","2.2¢/kg","",""
"0303.29.01","2","Other","","Free","","2.2¢/kg","",""
"0303.29.01.10","3","Nile perch","[""kg""]","","","","",""
"0303.29.01.50","3","Other","[""kg""]","","","","",""
"","1","Flat fish (Pleuronectidae, Bothidae, Cynoglossidae, Soleidae, Scophthalmidae and Citharidae), excluding edible fish offal of subheadings 0303.91 to 0303.99:","","","","","",""
"0303.31.00","2","Halibut and Greenland turbot (Reinhardtius hippoglossoides, Hippoglossus hippoglossus, Hippoglossus stenolepis)","","Free","","4.4¢/kg","",""
"0303.31.00.10","3","Atlantic halibut (Hippoglossus hippoglossus)","[""kg""]","","","","",""
"0303.31.00.20","3","Pacific halibut (Hippoglossus stenolepis)","[""kg""]","","","","",""
"0303.31.00.30","3","Greenland turbot (Greenland halibut) (Reinhardtius hippoglossoides)","[""kg""]","","","","",""
"0303.32.00.00","2","Plaice (Pleuronectes platessa)","[""kg""]","Free","","2.2¢/kg","",""
"0303.33.00.00","2","Sole (Solea spp.)","[""kg""]","1.1¢/kg","Free (A*,AU,BH,CL,CO,D,E,IL,JO,KR,MA,OM,P,PA,PE,S,SG)","2.2¢/kg","",""
"0303.34.00.00","2","Turbots (Psetta maxima)","[""kg""]","1.1¢/kg","Free (A*,AU,BH,CL,CO,D,E,IL,JO,KR,MA,OM,P,PA,PE,S,SG)","2.2¢/kg","",""
"0303.39.01","2","Other","","1.1¢/kg","Free (A*,AU,BH,CL,CO,D,E,IL,JO,KR,MA,OM,P,PA,PE,S,SG)","2.2¢/kg","",""
"0303.39.01.10","3","Flounder","[""kg""]","","","","",""
"0303.39.01.20","3","Rock sole (Pleuronectes bilineatus)","[""kg""]","","","","",""
"0303.39.01.30","3","Yellowfin sole (Pleuronectes asper)","[""kg""]","","","","",""
"0303.39.01.95","3","Other","[""kg""]","","","","",""
"","1","Tunas (of the genus Thunnus), skipjack tuna (stripe-bellied bonito) (Katsuwonus pelamis), excluding edible fish offal of subheadings 0303.91 to 0303.99:","","","","","",""
"0303.41.00.00","2","Albacore or longfinned tunas (Thunnus alalunga)","[""kg""]","Free","","Free","",""
"0303.42.00","2","Yellowfin tunas (Thunnus albacares)","","Free","","Free","",""
"0303.42.00.20","3","Whole fish","[""kg""]","","","","",""
"","3","Other:","","","","","",""
"0303.42.00.40","4","Head-on","[""kg""]","","","","",""
"0303.42.00.60","4","Other","[""kg""]","","","","",""
"0303.43.00.00","2","Skipjack tuna (stripe-bellied bonito) (Katsuwonus pelamis)","[""kg""]","Free","","Free","",""
"0303.44.00.00","2","Bigeye tunas (Thunnus obesus)","[""kg""]","Free","","Free","",""
"0303.45.01","2","Atlantic and Pacific bluefin tunas (Thunnus thynnus, Thunnus orientalis)","","Free","","Free","",""
"0303.45.01.10","3","Thunnus thynnus","[""kg""]","","","","",""
"0303.45.01.50","3","Thunnus orientalis","[""kg""]","","","","",""
"0303.46.00.00","2","Southern bluefin tunas (Thunnus maccoyii)","[""kg""]","Free","","Free","",""
"0303.49.02.00","2","Other","[""kg""]","Free","","Free","",""
"","1","Herrings (Clupea harengus, Clupea pallasii), anchovies (Engraulis spp.), sardines (Sardina pilchardus, Sardinops spp.), sardinella (Sardinella spp.), brisling or sprats (Sprattus sprattus), mackerel (Scomber scombrus, Scomber australasicus, Scomber japonicus), Indian mackerels (Rastrelliger spp.), seerfishes (Scomberomorus spp.), jack and horse mackerel (Trachurus spp.), jacks, crevalles (Caranx spp.), cobia (Rachycentron canadum), silver pomfrets (Pampus spp.), Pacific saury (Cololabis saira), scads (Decapterus spp.), capelin (Mallotus villosus), swordfish (Xiphias gladius), Kawakawa (Euthynnus affinis), bonitos (Sarda spp.), marlins, sailfishes, spearfish (Istiophoridae), excluding edible fish offal of subheadings 0303.91 to 0303.99:","","","","","",""
"0303.51.00.00","2","Herrings (Clupea harengus, Clupea pallasii)","[""kg""]","Free","","Free","",""
"0303.53.00.00","2","Sardines (Sardina pilchardus, Sardinops spp.), sardinella (Sardinella spp.), brisling or sprats (Sprattus sprattus)","[""kg""]","1.1¢/kg","Free (A*,AU,BH,CL,CO,D,E,IL,JO,KR,MA,OM,P,PA,PE,S,SG)","2.2¢/kg","",""
"0303.54.00.00","2","Mackerel (Scomber scombrus, Scomber australasicus, Scomber japonicus)","[""kg""]","Free","","4.4¢/kg","",""
"0303.55.00.00","2","Jack and horse mackerel (Trachurus spp.)","[""kg""]","Free","","2.2¢/kg","",""
"0303.56.00.00","2","Cobia (Rachycentron canadum)","[""kg""]","Free","","2.2¢/kg","",""
"0303.57.00","2","Swordfish (Xiphias gladius)","","Free","","2.2¢/kg","",""
"0303.57.00.10","3","Steaks","[""kg""]","","","","",""
"0303.57.00.90","3","Other","[""kg""]","","","","",""
"0303.59.00.00","2","Other","[""kg""]","Free","","2.2¢/kg","",""
"","1","Fish of the families Bregmacerotidae, Euclichthyidae, Gadidae, Macrouridae, Melanonidae, Merlucciidae, Moridae and Muraenolepididae, excluding edible fish offal of subheadings 0303.91 to 0303.99:","","","","","",""
"0303.63.00","2","Cod (Gadus morhua, Gadus ogac, Gadus macrocephalus)","","Free","","2.2¢/kg","",""
"0303.63.00.10","3","Atlantic","[""kg""]","","","","",""
"0303.63.00.90","3","Other","[""kg""]","","","","",""
"0303.64.00.00","2","Haddock (Melanogrammus aeglefinus)","[""kg""]","Free","","2.2¢/kg","",""
"0303.65.00.00","2","Coalfish (Pollachius virens)","[""kg""]","Free","","2.2¢/kg","",""
"0303.66.00.00","2","Hake (Merluccius spp., Urophycis spp.)","[""kg""]","Free","","2.2¢/kg","",""
"0303.67.00.00","2","Alaska pollock (Theragra chalcogramma)","[""kg""]","Free","","2.2¢/kg","",""
"0303.68.00.00","2","Blue whitings (Micromesistius poutassou, Micromesistius australis)","[""kg""]","Free","","2.2¢/kg","",""
"0303.69.00.00","2","Other","[""kg""]","Free","","2.2¢/kg","",""
"","1","Other fish, excluding edible fish offal of subheadings 0303.91 to 0303.99:","","","","","",""
"0303.81.00","2","Dogfish and other sharks","","1.1¢/kg","Free (A*,AU,BH,CL,CO,D,E,IL,JO,KR,MA,OM,P,PA,PE,S,SG)","2.2¢/kg","",""
"0303.81.00.11","3","Dogfish (Squalus spp.)","[""kg""]","","","","",""
"0303.81.00.91","3","Other","[""kg""]","","","","",""
"0303.82.00.00","2","Rays and skates (Rajidae)","[""kg""]","Free","","2.2¢/kg","",""
"0303.83.00.00","2","Toothfish (Dissostichus spp.)","[""kg""]","Free","","2.2¢/kg","",""
"0303.84.00.00","2","Sea Bass (Dicentrachus spp.)","[""kg""]","Free","","2.2¢/kg","",""
"0303.89.00","2","Other","","Free","","2.2¢/kg","",""
"","3","Smelts:","","","","","",""
"0303.89.00.01","4","Sea smelts","[""kg""]","","","","",""
"0303.89.00.04","4","Other smelts","[""kg""]","","","","",""
"0303.89.00.10","3","Cusk","[""kg""]","","","","",""
"0303.89.00.13","3","Shad and sturgeon","[""kg""]","","","","",""
"","3","Fresh-water fish:","","","","","",""
"0303.89.00.28","4","Pike and pickerel","[""kg""]","","","","",""
"0303.89.00.31","4","Perch and pike perch (including yellow pike)","[""kg""]","","","","",""
"0303.89.00.34","4","Sauger","[""kg""]","","","","",""
"0303.89.00.37","4","Whitefish","[""kg""]","","","","",""
"0303.89.00.40","4","Tilapias, other than Oreochromis spp.","[""kg""]","","","","",""
"0303.89.00.43","4","Other","[""kg""]","","","","",""
"0303.89.00.46","3","Atka mackerel (Atkafish) (Pleurogrammus monopterygius)","[""kg""]","","","","",""
"0303.89.00.49","3","Mullet","[""kg""]","","","","",""
"0303.89.00.52","3","Monkfish (Lophius spp.)","[""kg""]","","","","",""
"0303.89.00.55","3","Butterfish","[""kg""]","","","","",""
"0303.89.00.58","3","Capelin","[""kg""]","","","","",""
"0303.89.00.61","3","Sable fish (Anoplopoma fimbria)","[""kg""]","","","","",""
"0303.89.00.64","3","Ocean perch","[""kg""]","","","","",""
"0303.89.00.67","3","Snapper (Lutjanidae spp.)","[""kg""]","","","","",""
"0303.89.00.70","3","Grouper","[""kg""]","","","","",""
"0303.89.00.80","3","Other","[""kg""]","","","","",""
"","1","Livers, roes, milt, fish fins, heads, tails, maws and other edible fish offal:","","","","","",""
"0303.91","2","Livers, roes and milt:","","","","","",""
"0303.91.20.00","3","Sturgeon roe","[""kg""]","15%","Free (A*,AU,BH,CL,CO,D,E,IL,JO,KR,MA,OM,P,PA,PE,S,SG)","30%","",""
"0303.91.40","3","Other","","Free","","44¢/kg","",""
"0303.91.40.20","4","Herring roe","[""kg""]","","","","",""
"0303.91.40.40","4","Salmon roe","[""kg""]","","","","",""
"0303.91.40.50","4","Alaska pollock (Theragra chalcogramma) roe","[""kg""]","","","","",""
"0303.91.40.60","4","Mullet roe","[""kg""]","","","","",""
"0303.91.40.95","4","Other","[""kg""]","","","","",""
"0303.92.00.00","2","Shark fins","[""kg""]","1.1¢/kg","Free (A*,AU,BH,CL,CO,D,E,IL,JO,KR,MA,OM,P,PA,PE,S,SG)","2.2¢/kg","",""
"0303.99.00.00","2","Other","[""kg""]","Free","","44¢/kg","",""
"0304","0","Fish fillets and other fish meat (whether or not minced), fresh, chilled or frozen:","","","","","",""
"","1","Fresh or chilled fillets of tilapias (Oreochromis spp.), catfish (Pangasius spp., Silurus spp., Clarias spp., Ictalurus spp.), carp (Cyprinus spp., Carassius spp., Ctenopharyngodon idellus, Hypophthalmichthys spp., Cirrhinus spp., Mylopharyngodon piceus, Catla catla, Labeo spp., Osteochilus hasselti, Leptobarbus hoeveni, Megalobrama spp.), eels (Anguilla spp.), Nile perch (Lates niloticus) and snakeheads (Channa spp.):","","","","","",""
"0304.31.00.00","2","Tilapias (Oreochromis spp.)","[""kg""]","Free","","5.5¢/kg","",""
"0304.32.00","2","Catfish (Pangasius spp., Silurus spp., Clarias spp., Ictalurus spp.)","","Free","","5.5¢/kg","",""
"0304.32.00.10","3","Ictalurus spp.","[""kg""]","","","","",""
"0304.32.00.20","3","Pangasius spp. including basa and tra","[""kg""]","","","","",""
"0304.32.00.90","3","Other","[""kg""]","","","","",""
"0304.33.00.00","2","Nile perch (Lates niloticus)","[""kg""]","Free","","5.5¢/kg","",""
"0304.39.00.00","2","Other","[""kg""]","Free","","5.5¢/kg","",""
"","1","Fresh or chilled fillets of other fish:","","","","","",""
"0304.41.00","2","Pacific salmon (Oncorhynchus nerka, Oncorhynchus gorbuscha, Oncorhynchus keta, Oncorhynchus tschawytscha, Oncorhynchus kisutch, Oncorhynchus masou and Oncorhynchus rhodurus) Atlantic Salmon (Salmo salar) and Danube salmon (Hucho hucho)","","Free","","5.5¢/kg","",""
"","3","Atlantic Salmon (Salmo salar):","","","","","",""
"0304.41.00.10","4","Farmed","[""kg""]","","","","",""
"0304.41.00.20","4","Not Farmed","[""kg""]","","","","",""
"0304.41.00.90","3","Other","[""kg""]","","","","",""
"0304.42.00.00","2","Trout (Salmo trutta, Oncorhynchus mykiss, Oncorhynchus clarki, Oncorhynchus aguabonita, Oncorhynchus gilae Oncorhynchus apache, and Oncorhynchus chrysogaster)","[""kg""]","Free","","5.5¢/kg","",""
"0304.43.00","2","Flat Fish (Pleuronectidae, Bothidae, Cynoglossidae, Soleidae, Scophthalmidae, and Citharidae)","","Free","","5.5¢/kg","",""
"0304.43.00.10","3","Sole","[""kg""]","","","","",""
"0304.43.00.15","3","Paice","[""kg""]","","","","",""
"0304.43.00.20","3","Flounder","[""kg""]","","","","",""
"0304.43.00.25","3","Greenland turbot (Greenland halibut), (Reinhardtius hippoglossoides)","[""kg""]","","","","",""
"0304.43.00.90","3","Other","[""kg""]","","","","",""
"0304.44.00","2","Fish of the families Bregmacerotidae, Euclichthyidae, Gadidae, Macrouridae, Melanonidae, Merlucciidae, Moridae and Muraenolepididae","","Free","","5.5¢/kg","",""
"","3","Cod:","","","","","",""
"0304.44.00.10","4","Atlantic Cod","[""kg""]","","","","",""
"0304.44.00.15","4","Other","[""kg""]","","","","",""
"0304.44.00.20","3","Haddock","[""kg""]","","","","",""
"0304.44.00.25","3","Pollock","[""kg""]","","","","",""
"0304.44.00.30","3","Hake","[""kg""]","","","","",""
"0304.44.00.90","3","Other","[""kg""]","","","","",""
"0304.45.00.00","2","Swordfish (Xiphias gladius)","[""kg""]","Free","","5.5¢/kg","",""
"0304.46.00.00","2","Toothfish (Dissostichus spp.)","[""kg""]","Free","","5.5¢/kg","",""
"0304.47.00.00","2","Dogfish and other sharks","[""kg""]","Free","","5.5¢/kg","",""
"0304.48.00.00","2","Rays and skates (Rajidae)","[""kg""]","Free","","5.5¢/kg","",""
"0304.49.01","2","Other","","Free","","5.5¢/kg","",""
"","3","Fresh-water fish:","","","","","",""
"0304.49.01.03","4","Pike","[""kg""]","","","","",""
"0304.49.01.06","4","Pickerel","[""kg""]","","","","",""
"0304.49.01.09","4","Whitefish","[""kg""]","","","","",""
"0304.49.01.12","4","Tilapia, other than Oreochromis spp.","[""kg""]","","","","",""
"0304.49.01.15","4","Other","[""kg""]","","","","",""
"0304.49.01.20","3","Atlantic ocean perch","[""kg""]","","","","",""
"0304.49.01.25","3","Cusk","[""kg""]","","","","",""
"0304.49.01.90","3","Other","[""kg""]","","","","",""
"","1","Other, fresh or chilled:","","","","","",""
"0304.51.01","2","Tilapias (Oreochromis spp.), catfish (Pangasius spp., Silurus spp., Clarias spp., Ictalurus spp.), carp (Cyprinus spp., Carassius spp., Ctenopharyngodon idellus, Hypophthalmichthys spp., Cirrhinus spp., Mylopharyngodon piceus, Catla catla, Labeo spp., Osteochilus hasselti, Leptobarbus hoeveni, Megalobrama spp.), eels (Anguilla spp.), Nile perch (Lates niloticus) and snakeheads (Channa spp.)","","Free","","5.5¢/kg","",""
"0304.51.01.10","3","Ictalurus spp.","[""kg""]","","","","",""
"0304.51.01.15","3","Pangasius spp., including basa and tra","[""kg""]","","","","",""
"0304.51.01.20","3","Nile Perch","[""kg""]","","","","",""
"0304.51.01.25","3","Tilapias (Oreochromis spp.)","[""kg""]","","","","",""
"0304.51.01.90","3","Other","[""kg""]","","","","",""
"0304.52.00","2","Salmonidae","","Free","","5.5¢/kg","",""
"","3","Atlantic salmon (Salmo salar):","","","","","",""
"0304.52.00.10","4","Farmed","[""kg""]","","","","",""
"0304.52.00.15","4","Not farmed","[""kg""]","","","","",""
"0304.52.00.20","3","Other salmon","[""kg""]","","","","",""
"0304.52.00.90","3","Other","[""kg""]","","","","",""
"0304.53.00","2","Fish of the families Bregmacerotidae, Euclichthyidae, Gadidae, Macrouridae, Melanonidae, Merlucciidae, Moridae and Muraenolepididae","","Free","","5.5¢/kg","",""
"","3","Cod:","","","","","",""
"0304.53.00.10","4","Atlantic Cod","[""kg""]","","","","",""
"0304.53.00.15","4","Other","[""kg""]","","","","",""
"0304.53.00.20","3","Haddock","[""kg""]","","","","",""
"0304.53.00.25","3","Pollock","[""kg""]","","","","",""
"0304.53.00.30","3","Hake","[""kg""]","","","","",""
"0304.53.00.90","3","Other","[""kg""]","","","","",""
"0304.54.00.00","2","Swordfish (Xiphias gladius)","[""kg""]","Free","","5.5¢/kg","",""
"0304.55.00.00","2","Toothfish (Dissostichus spp.)","[""kg""]","Free","","5.5¢/kg","",""
"0304.56.00.00","2","Dogfish and other sharks","[""kg""]","Free","","5.5¢/kg","",""
"0304.57.00.00","2","Rays and skates (Rajidae)","[""kg""]","Free","","5.5¢/kg","",""
"0304.59.00","2","Other","","Free","","5.5¢/kg","",""
"","3","Fresh-water fish:","","","","","",""
"","4","Perch:","","","","","",""
"0304.59.00.03","5","Yellow perch","[""kg""]","","","","",""
"0304.59.00.06","5","Pike perch (including yellow pike)","[""kg""]","","","","",""
"0304.59.00.09","5","Other","[""kg""]","","","","",""
"0304.59.00.15","4","Pike","[""kg""]","","","","",""
"0304.59.00.20","4","Pickerel","[""kg""]","","","","",""
"0304.59.00.25","4","Whitefish","[""kg""]","","","","",""
"0304.59.00.30","4","Tilapia other than Oreochromis spp.","[""kg""]","","","","",""
"0304.59.00.36","4","Other","[""kg""]","","","","",""
"","3","Flat Fish:","","","","","",""
"0304.59.00.40","4","Sole","[""kg""]","","","","",""
"0304.59.00.45","4","Plaice","[""kg""]","","","","",""
"0304.59.00.50","4","Flounder","[""kg""]","","","","",""
"0304.59.00.55","4","Greenland turbot (Greenland halibut), (Reinhardtius hippoglossoides)","[""kg""]","","","","",""
"0304.59.00.61","4","Other","[""kg""]","","","","",""
"0304.59.00.65","3","Atlantic ocean perch","[""kg""]","","","","",""
"0304.59.00.70","3","Cusk","[""kg""]","","","","",""
"0304.59.00.91","3","Other","[""kg""]","","","","",""
"","1","Frozen fillets of tilapias (Oreochromis spp.), catfish (Pangasius spp., Silurus spp., Clarias spp., Ictalurus spp.), carp (Cyprinus spp., Carassius spp., Ctenopharyngodon idellus, Hypophthalmichthys spp., Cirrhinus spp.,  Mylopharyngodon piceus, Catla catla, Labeo spp., Osteochilus hasselti, Leptobarbushoeveni, Megalobrama spp.), eels (Anguilla spp.), Nile perch (Lates niloticus) and snakeheads (Channa spp.):","","","","","",""
"0304.61.00.00","2","Tilapias (Oreochromis spp.)","[""kg""]","Free","","5.5¢/kg","",""
"0304.62.00","2","Catfish (Pangasius spp., Silurus spp., Clarias spp., Ictalurus spp.)","","Free","","5.5¢/kg","",""
"0304.62.00.10","3","Ictalurus spp.","[""kg""]","","","","",""
"0304.62.00.20","3","Pangasius spp. (including basa and tra)","[""kg""]","","","","",""
"0304.62.00.30","3","Other Siluriformes","[""kg""]","","","","",""
"0304.62.00.90","3","Other","[""kg""]","","","","",""
"0304.63.00.00","2","Nile perch (Lates niloticus)","[""kg""]","Free","","5.5¢/kg","",""
"0304.69.00.00","2","Other","[""kg""]","Free","","5.5¢/kg","",""
"","1","Frozen fillets of the families Bregmacerotidae, Euclichthyidae, Gadidae, Macrouridae, Melanonidae, Merlucciidae, Moridae and Muraenolepididae:","","","","","",""
"0304.71","2","Cod (Gadus morhua, Gadus ogac,Gadus macrocephalus):","","","","","",""
"0304.71.10.00","3","Skinned, whether or not divided into pieces, and frozen into blocks each weighing over 4.5 kg, imported to be minced, ground or cut into pieces of uniform weights and dimensions","[""kg""]","Free","","2.8¢/kg","",""
"0304.71.50.00","3","Other","[""kg""]","Free","","5.5¢/kg","",""
"0304.72","2","Haddock (Melanogrammus aeglefinus):","","","","","",""
"0304.72.10.00","3","Skinned, whether or not divided into pieces, and frozen into blocks each weighing over 4.5 kg, imported to be minced, ground or cut into pieces of uniform weights and dimensions","[""kg""]","Free","","2.8¢/kg","",""
"0304.72.50.00","3","Other","[""kg""]","Free","","5.5¢/kg","",""
"0304.73","2","Coalfish (Pollachius virens):","","","","","",""
"0304.73.10.00","3","Skinned, whether or not divided into pieces, and frozen into blocks each weighing over 4.5 kg, imported to be minced, ground or cut into pieces of uniform weights and dimensions","[""kg""]","Free","","2.8¢/kg","",""
"0304.73.50.00","3","Other","[""kg""]","Free","","5.5¢/kg","",""
"0304.74","2","Hake (Merluccius spp., Urophycis spp.):","","","","","",""
"0304.74.10.00","3","Skinned, whether or not divided into pieces, and frozen into blocks each weighing over 4.5 kg, imported to be minced, ground or cut into pieces of uniform weights and dimensions","[""kg""]","Free","","2.8¢/kg","",""
"0304.74.50.00","3","Other","[""kg""]","Free","","5.5¢/kg","",""
"0304.75","2","Alaska pollock (Theragra chalcogramma):","","","","","",""
"0304.75.10.00","3","Skinned, whether or not divided into pieces, and frozen into blocks each weighing over 4.5 kg, imported to be minced, ground or cut into pieces of uniform weights and dimensions","[""kg""]","Free","","2.8¢/kg","",""
"0304.75.50.00","3","Other","[""kg""]","Free","","5.5¢/kg","",""
"0304.79","2","Other:","","","","","",""
"0304.79.10","3","Skinned, whether or not divided into pieces, and frozen into blocks each weighing over 4.5 kg, imported to be minced, ground or cut into pieces of uniform weights and dimensions","","Free","","2.8¢/kg","",""
"0304.79.10.10","4","Pollock other than Alaska pollock","[""kg""]","","","","",""
"0304.79.10.15","4","Whiting (Merluccius spp.)","[""kg""]","","","","",""
"0304.79.10.90","4","Other","[""kg""]","","","","",""
"0304.79.50.00","3","Other","[""kg""]","Free","","5.5¢/kg","",""
"","1","Frozen fillets of other fish:","","","","","",""
"0304.81","2","Pacific salmon (Oncorhynchus nerka, Oncorhynchus gorbuscha, Oncorhynchus keta, Oncorhynchus tschawytscha, Oncorhynchus kisutch, Oncorhynchus masou and Oncorhynchus rhodurus) Atlantic Salmon (Salmo salar) and Danube salmon (Hucho hucho):","","","","","",""
"0304.81.10.00","3","Skinned, whether or not divided into pieces, and frozen into blocks each weighing over 4.5 kg, imported to be minced, ground or cut into pieces of uniform weights and dimensions","[""kg""]","Free","","2.8¢/kg","",""
"0304.81.50","3","Other","","Free","","5.5¢/kg","",""
"0304.81.50.10","4","Atlantic salmon (Salmo salar)","[""kg""]","","","","",""
"0304.81.50.90","4","Other","[""kg""]","","","","",""
"0304.82","2","Trout (Salmo trutta, Oncorhynchus mykiss, Oncorhynchus clarki, Oncorhynchus aguabonita, Oncorhynchus gilae Oncorhynchus apache and Oncorhynchus chrysogaster):","","","","","",""
"0304.82.10.00","3","Skinned, whether or not divided into pieces, and frozen into blocks each weighing over 4.5 kg, imported to be minced, ground or cut into pieces of uniform weights and dimensions","[""kg""]","Free","","2.8¢/kg","",""
"0304.82.50.00","3","Other","[""kg""]","Free","","5.5¢/kg","",""
"0304.83","2","Flat fish (Pleuronectidae, Bothidae, Cynoglossidae, Soleidae, Scophthalmidae, and Citharidae):","","","","","",""
"0304.83.10","3","Skinned, whether or not divided into pieces, and frozen into blocks each weighing over 4.5 kg, imported to be minced, ground or cut into pieces of uniform weights and dimensions","","Free","","2.8¢/kg","",""
"0304.83.10.10","4","Greenland turbot (Greenland halibut) (Reinhardtius hippoglossoides)","[""kg""]","","","","",""
"0304.83.10.15","4","Sole","[""kg""]","","","","",""
"0304.83.10.20","4","Flounder","[""kg""]","","","","",""
"","4","Other:","","","","","",""
"0304.83.10.25","5","Halibut","[""kg""]","","","","",""
"0304.83.10.30","5","Turbot","[""kg""]","","","","",""
"0304.83.10.90","5","Other","[""kg""]","","","","",""
"0304.83.50","3","Other","","Free","","5.5¢/kg","",""
"0304.83.50.10","4","Greenland turbot (Greenland halibut) (Reinhardtius hippoglossoides)","[""kg""]","","","","",""
"0304.83.50.15","4","Sole","[""kg""]","","","","",""
"0304.83.50.20","4","Flounder","[""kg""]","","","","",""
"","4","Other:","","","","","",""
"0304.83.50.25","5","Halibut","[""kg""]","","","","",""
"0304.83.50.30","5","Turbot","[""kg""]","","","","",""
"0304.83.50.90","5","Other","[""kg""]","","","","",""
"0304.84.00.00","2","Swordfish (Xiphias gladius)","[""kg""]","Free","","5.5¢/kg","",""
"0304.85.00.00","2","Toothfish (Dissostichus spp.)","[""kg""]","Free","","5.5¢/kg","",""
"0304.86.00.00","2","Herrings (Clupea harengus, Clupea pallasii)","[""kg""]","Free","","5.5¢/kg","",""
"0304.87.00.00","2","Tunas (of the genus Thunnus), skipjack tuna (stripe-bellied bonito) (Katsuwonus pelamis)","[""kg""]","Free","","5.5¢/kg","",""
"0304.88.00.00","2","Dogfish, other sharks, rays and skates (Rajidae)","[""kg""]","Free","","5.5¢/kg","",""
"0304.89","2","Other:","","","","","",""
"0304.89.10","3","Skinned, whether or not divided into pieces, and frozen into blocks each weighing over 4.5 kg, imported to be minced, ground or cut into pieces of uniform weights and dimensions","","Free","","2.8¢/kg","",""
"0304.89.10.10","4","Ocean catfish (wolf fish)","[""kg""]","","","","",""
"0304.89.10.15","4","Pickerel","[""kg""]","","","","",""
"0304.89.10.20","4","Sauger","[""kg""]","","","","",""
"","4","Perch:","","","","","",""
"0304.89.10.25","5","Atlantic ocean perch","[""kg""]","","","","",""
"0304.89.10.30","5","Other ocean perch","[""kg""]","","","","",""
"0304.89.10.35","5","Other","[""kg""]","","","","",""
"0304.89.10.90","4","Other","[""kg""]","","","","",""
"0304.89.50","3","Other","","Free","","5.5¢/kg","",""
"","4","Fresh-water fish:","","","","","",""
"","5","Perch:","","","","","",""
"0304.89.50.03","6","Yellow perch","[""kg""]","","","","",""
"0304.89.50.06","6","Pike perch (including yellow pike)","[""kg""]","","","","",""
"0304.89.50.09","6","Other","[""kg""]","","","","",""
"0304.89.50.15","5","Pickerel","[""kg""]","","","","",""
"0304.89.50.20","5","Pike","[""kg""]","","","","",""
"0304.89.50.25","5","Sauger","[""kg""]","","","","",""
"0304.89.50.30","5","Other","[""kg""]","","","","",""
"0304.89.50.35","4","Atlantic ocean perch","[""kg""]","","","","",""
"0304.89.50.40","4","Other ocean perch","[""kg""]","","","","",""
"0304.89.50.45","4","Ocean catfish (wolf fish)","[""kg""]","","","","",""
"0304.89.50.50","4","Orange roughy (Hoplostethus atlanticus)","[""kg""]","","","","",""
"0304.89.50.55","4","Dolphin (Mahi mahi) (Coryphaena spp.)","[""kg""]","","","","",""
"0304.89.50.60","4","Cusk","[""kg""]","","","","",""
"0304.89.50.91","4","Other","[""kg""]","","","","",""
"","1","Other, frozen:","","","","","",""
"0304.91","2","Swordfish (Xiphias gladius):","","","","","",""
"0304.91.10.00","3","In bulk or in immediate containers weighing with their contents over 6.8 kg each","[""kg""]","Free","","2.8¢/kg","",""
"0304.91.90.00","3","Other","[""kg""]","6%","Free (A*,AU,BH,CL,CO,D,E,IL,JO,KR,MA,OM,P,PA,PE,S,SG)","25%","",""
"0304.92","2","Toothfish (Dissostichus spp.):","","","","","",""
"0304.92.10.00","3","In bulk or in immediate containers weighing with their contents over 6.8 kg each","[""kg""]","Free","","2.8¢/kg","",""
"0304.92.90.00","3","Other","[""kg""]","6%","Free (A*,AU,BH,CL,CO,D,E,IL,JO,KR,MA,OM,P,PA,PE,S,SG)","25%","",""
"0304.93","2","Tilapias (Oreochromis spp.), catfish (Pangasius spp., Silurus spp., Clarias spp., Ictalurus spp.), carp (Cyprinus spp., Carassius spp., Ctenopharyngodon idellus, Hypophthalmichthys spp., Cirrhinus spp., Mylopharyngodon piceus, Catla catla, Labeo spp., Osteochilus hasselti, Leptobarbus hoeveni, Megalobrama spp.), eels (Anguilla spp.), Nile perch (Lates niloticus) and snakeheads (Channa spp.):","","","","","",""
"0304.93.10","3","In bulk or in immediate containers weighing with their contents over 6.8 kg each","","Free","","2.8¢/kg","",""
"","4","Minced:","","","","","",""
"0304.93.10.05","5","Surimi","[""kg""]","","","","",""
"0304.93.10.10","5","Other","[""kg""]","","","","",""
"0304.93.10.90","4","Other","[""kg""]","","","","",""
"0304.93.90.00","3","Other","[""kg""]","6%","Free (A*,AU,BH,CL,CO,D,E,IL,JO,KR,MA,OM,P,PA,PE,S,SG)","25%","",""
"0304.94","2","Alaska pollock (Theragra chalcogramma):","","","","","",""
"0304.94.10","3","In bulk or in immediate containers weighing with their contents over 6.8 kg each","","Free","","2.8¢/kg","",""
"","4","Minced:","","","","","",""
"0304.94.10.05","5","Surimi","[""kg""]","","","","",""
"0304.94.10.10","5","Other","[""kg""]","","","","",""
"0304.94.10.90","4","Other","[""kg""]","","","","",""
"0304.94.90.00","3","Other","[""kg""]","6%","Free (A*,AU,BH,CL,CO,D,E,IL,JO,KR,MA,OM,P,PA,PE,S,SG)","25%","",""
"0304.95","2","Fish of the families Bregmacerotidae, Euclichthyidae, Gadidae, Macrouridae, Melanonidae, Merlucciidae, Moridae and Muraenolepididae, other than Alaska Pollock (Theragra chalcogramma):","","","","","",""
"0304.95.10","3","In bulk or in immediate containers weighing with their contents over 6.8 kg each","","Free","","2.8¢/kg","",""
"","4","Minced:","","","","","",""
"0304.95.10.05","5","Surimi","[""kg""]","","","","",""
"","5","Other:","","","","","",""
"0304.95.10.10","6","Cod","[""kg""]","","","","",""
"0304.95.10.15","6","Other","[""kg""]","","","","",""
"","4","Other:","","","","","",""
"0304.95.10.20","5","Cod","[""kg""]","","","","",""
"0304.95.10.25","5","Haddock","[""kg""]","","","","",""
"0304.95.10.30","5","Pollock","[""kg""]","","","","",""
"0304.95.10.90","5","Other","[""kg""]","","","","",""
"0304.95.90.00","3","Other","[""kg""]","6%","Free (A*,AU,BH,CL,CO,D,E,IL,JO,KR,MA,OM,P,PA,PE,S,SG)","25%","",""
"0304.96.00.00","2","Dogfish and other sharks","[""kg""]","6%","Free (A*,AU,BH,CL,CO,D,E,IL,JO,KR,MA,OM,P,PA,PE,S,SG)","25%","",""
"0304.97.00.00","2","Rays and skates (Rajidae)","[""kg""]","6%","Free (A*,AU,BH,CL,CO,D,E,IL,JO,KR,MA,OM,P,PA,PE,S,SG)","25%","",""
"0304.99","2","Other:","","","","","",""
"0304.99.11","3","In bulk or in immediate containers weighing with their contents over 6.8 kg each","","Free","","2.8¢/kg","",""
"","4","Minced:","","","","","",""
"0304.99.11.04","5","Surimi","[""kg""]","","","","",""
"0304.99.11.09","5","Other","[""kg""]","","","","",""
"","4","Other:","","","","","",""
"0304.99.11.50","5","Sole","[""kg""]","","","","",""
"0304.99.11.60","5","Greenland turbot (Greenland halibut) (Reinhardtius hippoglossoides)","[""kg""]","","","","",""
"0304.99.11.70","5","Ocean perch","[""kg""]","","","","",""
"0304.99.11.82","5","Pike","[""kg""]","","","","",""
"0304.99.11.83","5","Whitefish","[""kg""]","","","","",""
"","5","Other:","","","","","",""
"0304.99.11.84","6","Fresh-water","[""kg""]","","","","",""
"0304.99.11.90","6","Tuna [of genus Thunnus and of fish of the genus Euthynnus(Katsuwonus) pelamis]","[""kg""]","","","","",""
"0304.99.11.94","6","Other","[""kg""]","","","","",""
"0304.99.91","3","Other","","6%","Free (A*,AU,BH,CL,CO,D,E,IL,JO,KR,MA,OM,P,PA,PE,S,SG)","25%","",""
"0304.99.91.90","4","Ocean","[""kg""]","","","","",""
"0304.99.91.92","4","Other","[""kg""]","","","","",""
"0305","0","Fish, dried, salted or in brine; smoked fish, whether or not cooked before or during the smoking process:","","","","","",""
"0305.20","1","Livers, roes and milt of fish, dried, smoked, salted or in brine:","","","","","",""
"0305.20.20.00","2","Sturgeon roe","[""kg""]","7.5%","Free (A*,AU,BH,CL,CO,D,E,IL,JO,KR,MA,OM,P,PA,PE,S,SG)","30%","",""
"0305.20.40","2","Other","","Free","","44¢/kg","",""
"0305.20.40.20","3","Salmon roe","[""kg""]","","","","",""
"0305.20.40.40","3","Herring roe","[""kg""]","","","","",""
"0305.20.40.65","3","Other","[""kg""]","","","","",""
"","1","Fish fillets, dried, salted or in brine, but not smoked:","","","","","",""
"0305.31.01.00","2","Tilapias (Oreochromis spp.), catfish (Pangasius spp., Silurus spp., Clarias spp., Ictalurus spp.), carp (Cyprinus spp., Carassius spp., Ctenopharyngodon idellus, Hypophthalmichthys spp., Cirrhinus spp., Mylopharyngodon piceus, Catla catla, Labeo spp., Osteochilus hasselti, Leptobarbus hoeveni, Megalobrama spp.), eels (Anguilla spp.), Nile perch (Lates niloticus) and snakeheads (Channa spp.)","[""kg""]","Free","","2.2¢/kg","",""
"0305.32.00","2","Fish of the families Bregmacerotidae, Euclichthyidae, Gadidae, Macrouridae, Melanonidae, Merlucciidae, Moridae and Muraenolepididae","","Free","","2.2¢/kg","",""
"0305.32.00.10","3","Cod","[""kg""]","","","","",""
"0305.32.00.90","3","Other","[""kg""]","","","","",""
"0305.39","2","Other:","","","","","",""
"0305.39.20.00","3","Herrings, in immediate containers weighing with their contents 6.8 kg or less each","[""kg""]","4%","Free (A+,AU,BH,CL,CO,D,E, IL,JO,KR,MA,OM,P,PA,PE,S, SG)","25%","",""
"0305.39.40.00","3","Mackerel, in immediate containers weighing with their contents 6.8 kg or less each","[""kg""]","5%","Free (A+,AU,BH,CL,CO,D,E, IL,JO,KR,MA,OM,P,PA,PE,S, SG)","25%","",""
"0305.39.61","3","Other","","Free","","2.2¢/kg","",""
"0305.39.61.10","4","Herring","[""kg""]","","","","",""
"0305.39.61.80","4","Other","[""kg""]","","","","",""
"","1","Smoked fish, including fillets, other than edible fish offal:","","","","","",""
"0305.41.00.00","2","Pacific salmon (Oncorhynchus nerka, Oncorhynchus gorbuscha, Oncorhynchus keta, Oncorhynchus tschawytscha, Oncorhynchus kisutch, Oncorhynchus masou and Oncorhynchus rhodurus),Atlantic salmon (Salmo salar) and Danube salmon (Hucho hucho)","[""kg""]","5%","Free (A+,AU,BH,CL,CO,D,E, IL,JO,KR,MA,OM,P,PA,PE,S, SG)","25%","",""
"0305.42.00","2","Herrings (Clupea harengus, Clupea pallasii)","","Free","","6.6¢/kg","",""
"0305.42.00.20","3","Whole or beheaded but not otherwise processed","[""kg""]","","","","",""
"","3","Other:","","","","","",""
"0305.42.00.50","4","Boneless","[""kg""]","","","","",""
"0305.42.00.60","4","Other","[""kg""]","","","","",""
"0305.43.00.00","2","Trout (Salmo trutta, Oncorhynchus mykiss, Oncorhynchus clarki, Oncorhynchus aguabonita, Oncorhynchus gilae, Oncorhynchus apache and Oncorhynchus chrysogaster)","[""kg""]","Free","","6.6¢/kg","",""
"0305.44.01.00","2","Tilapias (Oreochromis spp.), catfish (Pangasius spp., Silurus spp., Clarias spp., Ictalurus spp.), carp (Cyprinus spp., Carassius spp., Ctenopharyngodon idellus, Hypophthalmichthys spp., Cirrhinus spp., Mylopharyngodon piceus, Catla catla, Labeo spp., Osteochilus hasselti, Leptobarbus hoeveni, Megalobrama spp.), eels (Anguilla spp.), Nile perch (Lates niloticus) and snakeheads (Channa spp.)","[""kg""]","Free","","6.6¢/kg","",""
"0305.49","2","Other:","","","","","",""
"0305.49.20.00","3","Mackerel","[""kg""]","Free","","25%","",""
"0305.49.40","3","Other","","Free","","6.6¢/kg","",""
"0305.49.40.20","4","Cod, cusk, haddock, hake (Urophycis spp.) and pollock","[""kg""]","","","","",""
"0305.49.40.45","4","Other","[""kg""]","","","","",""
"","1","Dried fish, other than edible fish offal, whether or not salted but not smoked:","","","","","",""
"0305.51.00.00","2","Cod (Gadus morhua, Gadus ogac, Gadus macrocephalus)","[""kg""]","Free","","5.5¢/kg","",""
"0305.52.00.00","2","Tilapias (Oreochromis spp.), catfish (Pangasius spp., Silurus spp., Clarias spp., Ictalurus spp.), carp (Cyprinus spp., Carassius spp., Ctenopharyngodon idellus, Hypophthalmichthys spp., Cirrhinus spp., Mylopharyngodon piceus, Catla catla, Labeo spp., Osteochilus hasselti, Leptobarbus hoeveni, Megalobrama spp.), eels (Anguilla spp.), Nile perch (Lates niloticus) and snakeheads (Channa spp.)","[""kg""]","Free","","2.8¢/kg","",""
"0305.53.00.00","2","Fish of the families Bregmacerotidae, Euclichthyidae, Gadidae, Macrouridae,Melanonidae, Merlucciidae, Moridae and Muraenolepididae, other than cod (Gadus morhua, Gadus ogac, Gadus macrocephalus).","[""kg""]","Free","","2.8¢/kg","",""
"0305.54.00.00","2","Herrings (Clupea harengus, Clupea pallasii), anchovies (Engraulis spp.), sardines (Sardina pilchardus, Sardinops spp.), sardinella (Sardinella spp.), brisling or sprats (Sprattus sprattus), mackerel (Scomber scombrus, Scomber australasicus, Scomber japonicus), Indian mackerels (Rastrelliger spp.), seerfishes (Scomberomorus spp.), jack and horse mackerel (Trachurus spp.), jacks, crevalles (Caranx spp.), cobia (Rachycentron canadum), silver pomfrets (Pampus spp.), Pacific saury (Cololabis saira), scads (Decapterus spp.), capelin (Mallotus villosus), swordfish (Xiphias gladius), Kawakawa (Euthynnus affinis), bonitos (Sarda spp.), marlins, sailfishes, spearfish (Istiophoridae)","[""kg""]","Free","","2.8¢/kg","",""
"0305.59.00.01","2","Other","[""kg""]","Free","","2.8¢/kg","",""
"","1","Fish, salted but not dried or smoked and fish in brine, other than edible fish offal:","","","","","",""
"0305.61","2","Herrings (Clupea harengus, Clupea pallasii):","","","","","",""
"0305.61.20.00","3","In immediate containers weighing with their contents 6.8 kg or less each","[""kg""]","4%","Free (A+,AU,BH,CL,CO,D,E, IL,JO,KR,MA,OM,P,PA,PE,S, SG)","25%","",""
"0305.61.40.00","3","Other","[""kg""]","Free","","2.2¢/kg","",""
"0305.62.00","2","Cod (Gadus morhua, Gadus ogac, Gadus macrocephalus)","","Free","","2.8¢/kg","",""
"","3","Whole; or processed by removal of heads, fins, viscera, scales, vertebral columns or any combination thereof, but not otherwise processed:","","","","","",""
"0305.62.00.10","4","Having a moisture content by weight over 50 percent","[""kg""]","","","","",""
"0305.62.00.25","4","Having a moisture content by weight over 45 percent but not over 50 percent","[""kg""]","","","","",""
"0305.62.00.30","4","Having a moisture content by weight over 43 percent but not over 45 percent","[""kg""]","","","","",""
"0305.62.00.45","4","Having a moisture content by weight not over 43 percent","[""kg""]","","","","",""
"","3","Other:","","","","","",""
"0305.62.00.50","4","Having a moisture content by weight over 50 percent","[""kg""]","","","","",""
"0305.62.00.60","4","Having a moisture content by weight over 45 percent but not over 50 percent","[""kg""]","","","","",""
"0305.62.00.70","4","Having a moisture content by weight over 43 percent but not over 45 percent","[""kg""]","","","","",""
"0305.62.00.80","4","Having a moisture content by weight not over 43 percent","[""kg""]","","","","",""
"0305.63","2","Anchovies (Engraulis spp.):","","","","","",""
"","3","In immediate containers weighing with their contents 6.8 kg or less each:","","","","","",""
"0305.63.20.00","4","In airtight containers","[""kg""]","5%","Free (A*,AU,BH,CL,CO,D,E,IL,JO,KR,MA,OM,P,PA,PE,S,SG)","25%","",""
"0305.63.40.00","4","Other","[""kg""]","Free","","1%","",""
"0305.63.60.00","3","Other","[""kg""]","Free","","2.5%","",""
"0305.64","2","Tilapias (Oreochromis spp.), catfish (Pangasius spp., Silurus spp., Clarias spp., Ictalurus spp.), carp (Cyprinus spp., Carassius spp., Ctenopharyngodon idellus, Hypophthalmichthys spp., Cirrhinus spp., Mylopharyngodon piceus, Catla catla, Labeo spp., Osteochilus hasselti, Leptobarbus hoeveni, Megalobrama spp.), eels (Anguilla spp.), Nile perch (Lates niloticus) and snakeheads (Channa spp.):","","","","","",""
"0305.64.10.00","3","In immediate containers weighing with their contents 6.8 kg or less each","[""kg""]","Free","","25%","",""
"0305.64.50.00","3","Other","[""kg""]","0.5%","Free (A*,AU,BH,CL,CO,D,E,IL,JO,KR,MA,OM,P,PA,PE,S,SG)","1%","",""
"0305.69","2","Other:","","","","","",""
"0305.69.10","3","Cusk, haddock, hake (Urophycis spp.) and pollock","","Free","","2.8¢/kg","",""
"","4","Whole; or processed by removal of heads, fins, viscera, scales, vertebral columns or any combination thereof, but not otherwise processed:","","","","","",""
"0305.69.10.21","5","Hake","[""kg""]","","","","",""
"0305.69.10.22","5","Pollock","[""kg""]","","","","",""
"0305.69.10.29","5","Haddock and cusk","[""kg""]","","","","",""
"","4","Other:","","","","","",""
"0305.69.10.41","5","Hake","[""kg""]","","","","",""
"0305.69.10.42","5","Pollock","[""kg""]","","","","",""
"0305.69.10.49","5","Haddock and cusk","[""kg""]","","","","",""
"","3","Mackerel:","","","","","",""
"0305.69.20.00","4","In immediate containers weighing with their contents 6.8 kg or less each","[""kg""]","5%","Free (A+,AU,BH,CL,CO,D,E,IL,JO,KR,MA,OM,P,PA,PE,S,SG)","25%","",""
"0305.69.30.00","4","Other","[""kg""]","Free","","2.2¢/kg","",""
"0305.69.40.00","3","Salmon","[""kg""]","3%","Free (A+,AU,BH,CL,CO,D,E,IL,JO,KR,MA,OM,P,PA,PE,S,SG)","25%","",""
"","3","Other:","","","","","",""
"0305.69.50.01","4","In immediate containers weighing with their contents 6.8 kg or less each","[""kg""]","Free","","25%","",""
"0305.69.60.01","4","Other","[""kg""]","0.5%","Free (A*,AU,BH,CL,CO,D,E,IL,JO,KR,MA,OM,P,PA,PE,S,SG)","1%","",""
"","1","Fish fins, heads, tails, maws and other edible fish offal:","","","","","",""
"0305.71.00.00","2","Shark fins","[""kg""]","Free","","2.8¢/kg","",""
"0305.72.00.00","2","Fish heads, tails and maws","[""kg""]","Free","","2.8¢/kg","",""
"0305.79.00.00","2","Other","[""kg""]","Free","","2.8¢/kg","",""
"0306","0","Crustaceans, whether in shell or not, live, fresh, chilled, frozen, dried, salted or in brine; smoked crustaceans, whether in shell or not, whether or not cooked before or during the smoking process; crustaceans, in shell, cooked by steaming or by boiling in water, whether or not chilled, frozen, dried, salted or in brine:","","","","","",""
"","1","Frozen:","","","","","",""
"0306.11.00","2","Rock lobster and other sea crawfish (Palinurus spp., Panulirus spp., Jasus spp.)","","Free","","Free","",""
"0306.11.00.10","3","Caribbean spiny lobster (Panulirus argus)","[""kg""]","","","","",""
"0306.11.00.20","3","Other","[""kg""]","","","","",""
"0306.12.00","2","Lobsters (Homarus spp.)","","Free","","Free","",""
"","3","In airtight containers:","","","","","",""
"0306.12.00.10","4","In brine","[""kg""]","","","","",""
"0306.12.00.30","4","Other","[""kg""]","","","","",""
"","3","Other:","","","","","",""
"0306.12.00.50","4","In brine","[""kg""]","","","","",""
"0306.12.00.70","4","Other","[""kg""]","","","","",""
"0306.14","2","Crabs:","","","","","",""
"0306.14.20.00","3","Crabmeat","[""kg""]","7.5%","Free (A*,AU,BH,CL,CO,D,E,IL,JO,KR,MA,OM,P,PA,PE,S,SG)","15%","",""
"0306.14.40","3","Other","","Free","","Free","",""
"","4","King crab:","","","","","",""
"0306.14.40.03","5","Red king crab (Paralithodes camtschaticus)","[""kg""]","","","","",""
"0306.14.40.06","5","Blue king crab (Paralithodes platypus)","[""kg""]","","","","",""
"0306.14.40.09","5","Golden/brown king crab (Lithodes aequispinus)","[""kg""]","","","","",""
"0306.14.40.12","5","Southern red santolla king crab (Lithodes santolla formerly L. antarcticus)","[""kg""]","","","","",""
"0306.14.40.15","5","Other","[""kg""]","","","","",""
"0306.14.40.20","4","Snow crab","[""kg""]","","","","",""
"0306.14.40.30","4","Dungeness crab","[""kg""]","","","","",""
"0306.14.40.90","4","Other","[""kg""]","","","","",""
"0306.15.00.00","2","Norway lobsters (Nephrops norvegicus)","[""kg""]","Free","","Free","",""
"0306.16.00","2","Cold-water shrimps and prawns (Pandalus spp., Crangon crangon)","","Free","","Free","",""
"","3","Shell-on, imported in accordance with statistical note 1 to this chapter:","","","","","",""
"0306.16.00.03","4","Count size (headless weight) less than 33 per kg (15s)","[""kg""]","","","","",""
"0306.16.00.06","4","Count size (headless weight) 33-45 per kg (15-20s)","[""kg""]","","","","",""
"0306.16.00.09","4","Count size (headless weight) 46-55 per kg (21-25s)","[""kg""]","","","","",""
"0306.16.00.12","4","Count size (headless weight) 56-66 per kg (26-30s)","[""kg""]","","","","",""
"0306.16.00.15","4","Count size (headless weight) 67-88 per kg (31-40s)","[""kg""]","","","","",""
"0306.16.00.18","4","Count size (headless weight) 89-110 per kg (41-50s)","[""kg""]","","","","",""
"0306.16.00.21","4","Count size (headless weight) 111-132 per kg (51-60s)","[""kg""]","","","","",""
"0306.16.00.24","4","Count size (headless weight) 133-154 per kg (61-70s)","[""kg""]","","","","",""
"0306.16.00.27","4","Count size (headless weight) more than 154 per kg (70s)","[""kg""]","","","","",""
"0306.16.00.40","3","Peeled, imported in accordance with statistical note 1 to this chapter","[""kg""]","","","","",""
"0306.17.00","2","Other shrimps and prawns","","Free","","Free","",""
"","3","Shell-on, imported in accordance with statistical note 1 to this chapter:","","","","","",""
"","4","Farmed:","","","","","",""
"0306.17.00.04","5","Count size (headless weight) less than 33 per kg (15s)","[""kg""]","","","","",""
"0306.17.00.05","5","Count size (headless weight) 33-45 per kg (15-20s)","[""kg""]","","","","",""
"0306.17.00.07","5","Count size (headless weight) 46-55 per kg (21-25s)","[""kg""]","","","","",""
"0306.17.00.08","5","Count size (headless weight) 56-66 per kg (26-30s)","[""kg""]","","","","",""
"0306.17.00.10","5","Count size (headless weight) 67-88 per kg (31-40s)","[""kg""]","","","","",""
"0306.17.00.11","5","Count size (headless weight) 89-110 per kg (41-50s)","[""kg""]","","","","",""
"0306.17.00.13","5","Count size (headless weight) 111-132 per kg (51-60s)","[""kg""]","","","","",""
"0306.17.00.14","5","Count size (headless weight) 133-154 per kg (61-70s)","[""kg""]","","","","",""
"0306.17.00.16","5","Count size (headless weight) more than 154 per kg (70s)","[""kg""]","","","","",""
"","4","Not farmed:","","","","","",""
"0306.17.00.17","5","Count size (headless weight) less than 33 per kg (15s)","[""kg""]","","","","",""
"0306.17.00.19","5","Count size (headless weight) 33-45 per kg (15-20s)","[""kg""]","","","","",""
"0306.17.00.20","5","Count size (headless weight) 46-55 per kg (21-25s)","[""kg""]","","","","",""
"0306.17.00.22","5","Count size (headless weight) 56-66 per kg (26-30s)","[""kg""]","","","","",""
"0306.17.00.23","5","Count size (headless weight) 67-88 per kg (31-40s)","[""kg""]","","","","",""
"0306.17.00.25","5","Count size (headless weight) 89-110 per kg (41-50s)","[""kg""]","","","","",""
"0306.17.00.26","5","Count size (headless weight) 111-132 per kg (51-60s)","[""kg""]","","","","",""
"0306.17.00.28","5","Count size (headless weight) 133-154 per kg (61-70s)","[""kg""]","","","","",""
"0306.17.00.29","5","Count size (headless weight) more than 154 per kg (70s)","[""kg""]","","","","",""
"","3","Peeled, imported in accordance with statistical note 1 to this chapter:","","","","","",""
"0306.17.00.41","4","Farmed","[""kg""]","","","","",""
"0306.17.00.42","4","Not farmed","[""kg""]","","","","",""
"0306.19.01","2","Other","","Free","","Free","",""
"0306.19.01.10","3","Freshwater crawfish","[""kg""]","","","","",""
"0306.19.01.30","3","Antarctic krill (Euphausia superba)","[""kg""]","","","","",""
"0306.19.01.61","3","Other","[""kg""]","","","","",""
"","1","Live, fresh or chilled:","","","","","",""
"0306.31.00.00","2","Rock lobster and other sea crawfish (Palinurus spp., Panulirus spp., Jasus spp.)","[""kg""]","Free","","Free","",""
"0306.32.00","2","Lobsters (Homarus spp.)","","Free","","Free","",""
"0306.32.00.10","3","Live","[""kg""]","","","","",""
"0306.32.00.90","3","Other","[""kg""]","","","","",""
"0306.33","2","Crabs:","","","","","",""
"0306.33.20.00","3","Crabmeat","[""kg""]","7.5%","Free (A*,AU,BH,CL,CO,D,E,IL,JO,KR,MA,OM,P,PA,PE,S,SG)","15%","",""
"0306.33.40.00","3","Other","[""kg""]","Free","","Free","",""
"0306.34.00.00","2","Norway lobsters (Nephrops norvegicus)","[""kg""]","Free","","Free","",""
"0306.35.00","2","Cold-water shrimps and prawns (Pandalus spp., Crangon crangon)","","Free","","Free","",""
"0306.35.00.20","3","Shell-on, imported in accordance with statistical note 1 to this chapter","[""kg""]","","","","",""
"0306.35.00.40","3","Peeled, imported in accordance with statistical note 1 to this chapter","[""kg""]","","","","",""
"0306.36.00","2","Other shrimps and prawns","","Free","","Free","",""
"0306.36.00.20","3","Shell-on, imported in accordance with statistical note 1 to this chapter","[""kg""]","","","","",""
"0306.36.00.40","3","Peeled, imported in accordance with statistical note 1 to this chapter","[""kg""]","","","","",""
"0306.39.01.00","2","Other","[""kg""]","Free","","Free","",""
"","1","Other:","","","","","",""
"0306.91.00.00","2","Rock lobster and other sea crawfish (Palinurus spp., Panulirus spp., Jasus spp.)","[""kg""]","Free","","Free","",""
"0306.92.00.00","2","Lobsters (Homarus spp.)","[""kg""]","Free","","Free","",""
"0306.93","2","Crabs:","","","","","",""
"0306.93.20.00","3","Crabmeat","[""kg""]","7.5%","Free (A*,AU,BH,CL,CO,D,E,IL,JO,KR,MA,OM,P,PA,PE,S,SG)","15%","",""
"0306.93.40.00","3","Other","[""kg""]","Free","","Free","",""
"0306.94.00.00","2","Norway lobsters (Nephrops norvegicus)","[""kg""]","Free","","Free","",""
"0306.95.00","2","Shrimps and prawns","","Free","","Free","",""
"0306.95.00.20","3","Shell-on, imported in accordance with statistical note 1 to this chapter","[""kg""]","","","","",""
"0306.95.00.40","3","Peeled, imported in accordance with statistical note 1 to this chapter","[""kg""]","","","","",""
"0306.99.01.00","2","Other","[""kg""]","Free","","Free","",""
"0307","0","Molluscs, whether in shell or not, live, fresh, chilled, frozen, dried, salted or in brine; smoked molluscs, whether in shell or not, whether or not cooked before or during the smoking process:","","","","","",""
"","1","Oysters:","","","","","",""
"0307.11.00","2","Live, fresh or chilled","","Free","","Free","",""
"0307.11.00.20","3","Seed oysters","[""liters"",""kg""]","","","","",""
"","3","Other:","","","","","",""
"0307.11.00.60","4","Farmed","[""kg""]","","","","",""
"0307.11.00.80","4","Other","[""kg""]","","","","",""
"0307.12.00","2","Frozen","","Free","","Free","",""
"0307.12.00.60","3","Farmed","[""kg""]","","","","",""
"0307.12.00.80","3","Other","[""kg""]","","","","",""
"0307.19.01","2","Other","","Free","","Free","",""
"0307.19.01.60","3","Farmed","[""kg""]","","","","",""
"0307.19.01.80","3","Other","[""kg""]","","","","",""
"","1","Scallops and other molluscs of the family Pectinidae:","","","","","",""
"0307.21.00.00","2","Live, fresh or chilled","[""kg""]","Free","","Free","",""
"0307.22.00.00","2","Frozen","[""kg""]","Free","","Free","",""
"0307.29.01.00","2","Other","[""kg""]","Free","","Free","",""
"","1","Mussels (Mytilus spp., Perna spp.):","","","","","",""
"0307.31.00","2","Live, fresh or chilled","","Free","","Free","",""
"0307.31.00.10","3","Farmed","[""kg""]","","","","",""
"0307.31.00.90","3","Other","[""kg""]","","","","",""
"0307.32.00.00","2","Frozen","[""kg""]","Free","","Free","",""
"0307.39.01.00","2","Other","[""kg""]","Free","","Free","",""
"","1","Cuttle fish and squid:","","","","","",""
"0307.42.00","2","Live, fresh or chilled","","Free","","Free","",""
"","3","Squid:","","","","","",""
"0307.42.00.20","4","Loligo","[""kg""]","","","","",""
"0307.42.00.40","4","Other","[""kg""]","","","","",""
"0307.42.00.60","3","Other","[""kg""]","","","","",""
"0307.43.00","2","Frozen","","Free","","Free","",""
"","3","Squid:","","","","","",""
"0307.43.00.10","4","Fillets","[""kg""]","","","","",""
"","4","Other:","","","","","",""
"","5","Loligo:","","","","","",""
"0307.43.00.22","6","Loligo opalescens","[""kg""]","","","","",""
"0307.43.00.24","6","Loligo pealei","[""kg""]","","","","",""
"0307.43.00.29","6","Other","[""kg""]","","","","",""
"0307.43.00.50","5","Other","[""kg""]","","","","",""
"0307.43.00.60","3","Other","[""kg""]","","","","",""
"0307.49.01","2","Other","","Free","","Free","",""
"","3","Squid:","","","","","",""
"","4","Loligo:","","","","","",""
"0307.49.01.22","5","Loligo opalescens","[""kg""]","","","","",""
"0307.49.01.24","5","Loligo pealei","[""kg""]","","","","",""
"0307.49.01.29","5","Other","[""kg""]","","","","",""
"0307.49.01.50","4","Other","[""kg""]","","","","",""
"0307.49.01.60","3","Other","[""kg""]","","","","",""
"","1","Octopus (Octopus spp.):","","","","","",""
"0307.51.00.00","2","Live, fresh or chilled","[""kg""]","Free","","Free","",""
"0307.52.00.00","2","Frozen","[""kg""]","Free","","Free","",""
"0307.59.01.00","2","Other","[""kg""]","Free","","Free","",""
"0307.60.00.00","1","Snails, other than sea snails","[""kg""]","5%","Free (A*,AU,BH,CL,CO,D,E,IL,JO,KR,MA,OM,P,PA,PE,S,SG)","20%","",""
"","1","Clams, cockles and ark shells (families Arcidae, Arcticidae, Cardiidae, Donacidae, Hiatellidae, Mactridae, Mesodesmatidae, Myidae, Semelidae, Solecurtidae, Solenidae, Tridacnidae and Veneridae):","","","","","",""
"0307.71.00","2","Live, fresh or chilled","","Free","","Free","",""
"","3","Clams:","","","","","",""
"0307.71.00.50","4","Geoduck","[""kg""]","","","","",""
"0307.71.00.70","4","Other","[""kg""]","","","","",""
"0307.71.00.90","3","Other","[""kg""]","","","","",""
"0307.72.00","2","Frozen","","Free","","Free","",""
"","3","Clams:","","","","","",""
"0307.72.00.30","4","Geoduck","[""kg""]","","","","",""
"0307.72.00.51","4","Stimsonʼs","[""kg""]","","","","",""
"0307.72.00.55","4","Other","[""kg""]","","","","",""
"0307.72.00.60","3","Other","[""kg""]","","","","",""
"0307.79.01","2","Other","","Free","","Free","",""
"","3","Clams:","","","","","",""
"0307.79.01.30","4","Geoduck","[""kg""]","","","","",""
"0307.79.01.51","4","Stimsonʼs","[""kg""]","","","","",""
"0307.79.01.55","4","Other","[""kg""]","","","","",""
"0307.79.01.60","3","Other","[""kg""]","","","","",""
"","1","Abalone (Haliotis spp.) and stromboid conchs (Strombus spp.):","","","","","",""
"0307.81.00.00","2","Live, fresh or chilled abalone (Haliotis spp.)","[""kg""]","Free","","Free","",""
"0307.82.00.00","2","Live, fresh or chilled stromboid conchs (Strombus spp.)","[""kg""]","Free","","Free","",""
"0307.83.00.00","2","Frozen abalone (Haliotis spp.)","[""kg""]","Free","","Free","",""
"0307.84.00.00","2","Frozen stromboid conchs (Strombus spp.)","[""kg""]","Free","","Free","",""
"0307.87.00.00","2","Other abalone (Haliotis spp.)","[""kg""]","Free","","Free","",""
"0307.88.00.00","2","Other stromboid conchs (Strombus spp.)","[""kg""]","Free","","Free","",""
"","1","Other:","","","","","",""
"0307.91.03","2","Live, fresh or chilled","","Free","","Free","",""
"0307.91.03.30","3","Conch","[""kg""]","","","","",""
"0307.91.03.90","3","Other","[""kg""]","","","","",""
"0307.92.01","2","Frozen","","Free","","Free","",""
"0307.92.01.30","3","Conch","[""kg""]","","","","",""
"0307.92.01.90","3","Other","[""kg""]","","","","",""
"0307.99.03.00","2","Other","[""kg""]","Free","","Free","",""
"0308","0","Aquatic invertebrates other than crustaceans and molluscs, live, fresh, chilled, frozen, dried, salted or in brine; smoked aquatic invertebrates other than crustaceans and molluscs, whether or not cooked before or during the smoking process:","","","","","",""
"","1","Sea cucumbers (Stichopus japonicus, Holothuroidea):","","","","","",""
"0308.11.00.00","2","Live, fresh or chilled","[""kg""]","Free","","Free","",""
"0308.12.00.00","2","Frozen","[""kg""]","Free","","Free","",""
"0308.19.01.00","2","Other","[""kg""]","Free","","Free","",""
"","1","Sea urchins (Strongylocentrotus spp., Paracentrotus lividus, Loxechinus albus, Echinus esculentus):","","","","","",""
"0308.21.00","2","Live, fresh or chilled","","Free","","Free","",""
"0308.21.00.21","3","Roe","[""kg""]","","","","",""
"0308.21.00.29","3","Other","[""kg""]","","","","",""
"0308.22.00.00","2","Frozen","[""kg""]","Free","","Free","",""
"0308.29.01.00","2","Other","[""kg""]","Free","","Free","",""
"0308.30.00.00","1","Jellyfish (Rhopilema spp.)","[""kg""]","Free","","Free","",""
"0308.90.01.00","1","Other","[""kg""]","Free","","Free","",""
"0309","0","Flours, meals and pellets of fish, crustaceans, molluscs and other aquatic invertebrates, fit for human consumption:","","","","","",""
"0309.10","1","Of fish:","","","","","",""
"0309.10.05.00","2","In bulk or in immediate containers weighing with their contents over 6.8 kg each","[""kg""]","Free","","2.8¢/kg","",""
"0309.10.90.00","2","Other","[""kg""]","6%","Free (A*,AU,BH,CL,CO,D,E,IL,JO,KR,MA,OM,P,PA,PE,S,SG)","25%","",""
"0309.90","1","Other:","","","","","",""
"","2","Of crustaceans:","","","","","",""
"0309.90.10","3","Frozen","[""""]","Free","","Free","",""
"0309.90.10.10","4","Freshwater crawfish","[""kg""]","","","","",""
"0309.90.10.30","4","Antarctic krill","[""kg""]","","","","",""
"0309.90.10.61","4","Other","[""kg""]","","","","",""
"0309.90.20.00","3","Live, fresh, or chilled","[""kg""]","Free","","Free","",""
"0309.90.30.00","3","Other","[""kg""]","Free","","Free","",""
"","2","Of molluscs:","","","","","",""
"0309.90.40","3","Live, fresh or chilled","[""""]","Free","","Free","",""
"0309.90.40.30","4","Conch","[""kg""]","","","","",""
"0309.90.40.90","4","Other","[""kg""]","","","","",""
"0309.90.50","3","Frozen","[""""]","Free","","Free","",""
"0309.90.50.30","4","Conch","[""kg""]","","","","",""
"0309.90.50.90","4","Other","[""kg""]","","","","",""
"0309.90.60.00","3","Other","[""kg""]","Free","","Free","",""
"0309.90.90.00","2","Other","[""kg""]","Free","","Free","",""
